CREATE TABLE AUCTION (AUCTION_ID BIGINT GENERATED BY DEFAULT AS IDENTITY (START WITH 1), AUCTION_OWNER VARCHAR(255), AUCTION_CURRENT_PRICE DOUBLE, AUCTION_DELIVERY_DESC VARCHAR(255), AUCTION_DESC VARCHAR(255), AUCTION_END TIMESTAMP, AUCTION_START TIMESTAMP, AUCTION_START_PRICE DOUBLE, AUCTION_TITLE VARCHAR(255), AUCTION_FINALIZED BIT, AUCTION_FINISHED BIT, AUCTION_WON BIT, PRIMARY KEY (AUCTION_ID))  
CREATE TABLE AM_CONTACT (AUCTION_ID BIGINT NOT NULL, BANK VARCHAR(255), BANK_ACCOUNT_NB VARCHAR(26), EMAIL VARCHAR(255), LOGIN VARCHAR(255), NAME VARCHAR(255), PHONE VARCHAR(255), SURNAME VARCHAR(255), PRIMARY KEY (AUCTION_ID)) 
CREATE TABLE BET (BET_ID BIGINT GENERATED BY DEFAULT AS IDENTITY (START WITH 1), BET_PRICE DOUBLE, BET_TIME TIMESTAMP, CLIENT_ID VARCHAR(255), AUCTION_ID BIGINT NOT NULL, PRIMARY KEY (BET_ID))  
CREATE TABLE BUYER_CONTACT (AUCTION_ID BIGINT NOT NULL, ADDRESS VARCHAR(255), EMAIL VARCHAR(255), LOGIN VARCHAR(255), NAME VARCHAR(255), PHONE VARCHAR(255), SURNAME VARCHAR(255), PRIMARY KEY (AUCTION_ID))  
CREATE TABLE IMAGE (IMG_ID BIGINT GENERATED BY DEFAULT AS IDENTITY (START WITH 1), URL VARCHAR(255), AUCTION_ID BIGINT NOT NULL, PRIMARY KEY (IMG_ID)) 
INSERT INTO BET VALUES(18,1.0E0,'2013-12-03 19:34:38.898000','client2',5)
INSERT INTO AM_CONTACT VALUES(5,'BZWmBank','65102056980000748645620123','amuser@testmail.com','AM','AMUser','854321886','am')
INSERT INTO AM_CONTACT VALUES(3,'InteMilenium','66202056980000748325628877','AMUser@testmail.com','AM','AMUser','854321886','am')
INSERT INTO AM_CONTACT VALUES(4,'IMG M. Kondrad sp. Zuoo','65805056630000713447521123','AMUser@testmail.com','AM','AMUser','854321886','am')
INSERT INTO AM_CONTACT VALUES(1,'PEKA\u0141O BPSA','65102056980000598645620125','AMUser@testmail.com','AM','AMUser','854321886','am')
INSERT INTO BET VALUES(21,2.5E0,'2013-12-09 16:34:38.901000','client',5)
INSERT INTO AM_CONTACT VALUES(2,'BZWmBank','65102056980000748645620123','AMUser@testmail.com','AM','AMUser','854321886','am')
INSERT INTO BET VALUES(20,2.0E0,'2013-12-08 19:34:38.901000','customer',5)
INSERT INTO BET VALUES(19,1.5E0,'2013-12-06 19:34:38.902000','client',5)
INSERT INTO BUYER_CONTACT VALUES(5,'ul. Fioletowa 18, 73-158 Wozitkowo Dolne','client@testmail.com','client','Client','447529862','Kupuj\u0105cy')
INSERT INTO AUCTION VALUES(5,'AM',2.5E0,'Odbi\u00f3r osobisty','1 kg mandarynek, w sam raz na prezent!','2013-12-09 18:34:38.903000','2013-11-29 19:34:38.903000',1.0E0,'Kilogram mandarynek','0','1','0')
INSERT INTO BET VALUES(1,15.0E0,'2013-12-09 03:34:38.905000','customer',1)
INSERT INTO BET VALUES(16,500.0E0,'2013-12-09 19:04:38.905000','client',3)
INSERT INTO AUCTION VALUES(1,'AM',25.0E0,'Odbi\u00f3r osobisty','Nieu\u017cywany kaftan bezpiecze\u0144stwa. Z gwarancj\u0105. Wszytkie metki zgodne.','2013-12-13 19:34:38.905000','2013-12-08 19:34:38.905000',10.0E0,'Super kaftan bezpiecze\u0144stwa','0','0','0')
INSERT INTO BET VALUES(10,200.0E0,'2013-12-09 09:34:38.906000','customer',3)
INSERT INTO AUCTION VALUES(2,'AM',13430.0E0,'Odbi\u00f3r osobisty','Na sprzeda\u017c samoch\u00f3d marki BentLej. Pochodzi z floty przedstawicieli handlowych wydzia\u0142u do spraw wali z zombie','2013-12-14 23:34:38.906000','2013-12-09 02:34:38.906000',10000.0E0,'Najnowszy BentLej','0','0','0')
INSERT INTO BET VALUES(11,250.0E0,'2013-12-09 14:34:38.907000','client',3)
INSERT INTO AUCTION VALUES(3,'AM',500.0E0,'Przesy\u0142ka kurierska','Najnowszy NEXUS 5, pe\u0142na gwarancja, wszystko cacy.','2013-12-14 23:34:38.907000','2013-12-08 06:34:38.907000',100.0E0,'Najnowszy BentLej','0','0','0')
INSERT INTO AUCTION VALUES(4,'AM',240.0E0,'Paczkomat','Zegarek rolmex. Zniszczony i niesprawny','2013-12-17 11:34:38.908000','2013-12-08 02:34:38.908000',200.0E0,'Super ROLMEX!','0','0','0')
INSERT INTO BET VALUES(9,100.0E0,'2013-12-08 19:34:38.909000','client',3)
INSERT INTO BET VALUES(14,390.0E0,'2013-12-09 16:04:38.909000','customer2',3)
INSERT INTO BET VALUES(17,240.0E0,'2013-12-08 19:34:38.909000','client',4)
INSERT INTO BET VALUES(15,450.0E0,'2013-12-09 17:34:38.909000','customer',3)
INSERT INTO BET VALUES(2,25.0E0,'2013-12-09 09:34:38.910000','client',1)
INSERT INTO BET VALUES(12,325.0E0,'2013-12-09 15:34:38.910000','customer',3)
INSERT INTO BET VALUES(13,390.0E0,'2013-12-09 16:04:38.910000','client',3)
INSERT INTO BET VALUES(8,13430.0E0,'2013-12-09 18:34:38.911000','client',2)
INSERT INTO BET VALUES(7,13200.0E0,'2013-12-09 13:34:38.911000','customer',2)
INSERT INTO BET VALUES(4,11500.0E0,'2013-12-09 05:09:38.911000','customer2',2)
INSERT INTO BET VALUES(3,10500.0E0,'2013-12-09 04:34:38.912000','customer',2)
INSERT INTO BET VALUES(6,13000.0E0,'2013-12-09 06:34:38.912000','client',2)
INSERT INTO BET VALUES(5,12750.0E0,'2013-12-09 05:34:38.912000','customer',2)